time_s,state,position_mm,conveyor,axis_enable,count,alarm
0.01,FEED,0.0,False,False,0,
0.02,INDEX,0.0,False,False,0,
0.03,INDEX,1.6,False,True,0,
0.04,INDEX,3.2,False,True,0,
0.05,INDEX,4.8,False,True,0,
0.06,INDEX,6.4,False,True,0,
0.07,INDEX,8.0,False,True,0,
0.08,INDEX,9.6,False,True,0,
0.09,INDEX,11.2,False,True,0,
0.1,INDEX,12.8,False,True,0,
0.11,INDEX,14.4,False,True,0,
0.12,INDEX,16.0,False,True,0,
0.13,INDEX,17.6,False,True,0,
0.14,INDEX,19.2,False,True,0,
0.15,INDEX,20.8,False,True,0,
0.16,INDEX,22.4,False,True,0,
0.17,INDEX,24.0,False,True,0,
0.18,INDEX,25.6,False,True,0,
0.19,INDEX,27.2,False,True,0,
0.2,INDEX,28.8,False,True,0,
0.21,INDEX,30.4,False,True,0,
0.22,INDEX,32.0,False,True,0,
0.23,INDEX,33.6,False,True,0,
0.24,INDEX,35.2,False,True,0,
0.25,INDEX,36.8,False,True,0,
0.26,FAULT,36.8,False,False,0,JAM
0.27,FAULT,36.8,False,False,0,JAM
0.28,FAULT,36.8,False,False,0,JAM
0.29,FAULT,36.8,False,False,0,JAM
0.3,FAULT,36.8,False,False,0,JAM
0.31,FAULT,36.8,False,False,0,JAM
0.32,FAULT,36.8,False,False,0,JAM
0.33,FAULT,36.8,False,False,0,JAM
0.34,FAULT,36.8,False,False,0,JAM
0.35,FAULT,36.8,False,False,0,JAM
0.36,FAULT,36.8,False,False,0,JAM
0.37,FAULT,36.8,False,False,0,JAM
0.38,FAULT,36.8,False,False,0,JAM
0.39,FAULT,36.8,False,False,0,JAM
0.4,FAULT,36.8,False,False,0,JAM
0.41,FAULT,36.8,False,False,0,JAM
0.42,FAULT,36.8,False,False,0,JAM
0.43,FAULT,36.8,False,False,0,JAM
0.44,FAULT,36.8,False,False,0,JAM
0.45,FAULT,36.8,False,False,0,JAM
0.46,FAULT,36.8,False,False,0,JAM
0.47,FAULT,36.8,False,False,0,JAM
0.48,FAULT,36.8,False,False,0,JAM
0.49,FAULT,36.8,False,False,0,JAM
0.5,FAULT,36.8,False,False,0,JAM
0.51,FAULT,36.8,False,False,0,JAM
0.52,FAULT,36.8,False,False,0,JAM
0.53,FAULT,36.8,False,False,0,JAM
0.54,FAULT,36.8,False,False,0,JAM
0.55,FAULT,36.8,False,False,0,JAM
0.56,FAULT,36.8,False,False,0,JAM
0.57,FAULT,36.8,False,False,0,JAM
0.58,FAULT,36.8,False,False,0,JAM
0.59,FAULT,36.8,False,False,0,JAM
0.6,FAULT,36.8,False,False,0,JAM
0.61,IDLE,36.8,False,False,0,
0.62,IDLE,36.8,False,False,0,
0.63,IDLE,36.8,False,False,0,
0.64,IDLE,36.8,False,False,0,
0.65,IDLE,36.8,False,False,0,
0.66,IDLE,36.8,False,False,0,
0.67,IDLE,36.8,False,False,0,
0.68,IDLE,36.8,False,False,0,
0.69,IDLE,36.8,False,False,0,
0.7,IDLE,36.8,False,False,0,
0.71,IDLE,36.8,False,False,0,
0.72,IDLE,36.8,False,False,0,
0.73,IDLE,36.8,False,False,0,
0.74,IDLE,36.8,False,False,0,
0.75,IDLE,36.8,False,False,0,
0.76,IDLE,36.8,False,False,0,
0.77,IDLE,36.8,False,False,0,
0.78,IDLE,36.8,False,False,0,
0.79,IDLE,36.8,False,False,0,
0.8,IDLE,36.8,False,False,0,
0.81,IDLE,36.8,False,False,0,
0.82,IDLE,36.8,False,False,0,
0.83,IDLE,36.8,False,False,0,
0.84,IDLE,36.8,False,False,0,
0.85,IDLE,36.8,False,False,0,
0.86,IDLE,36.8,False,False,0,
0.87,IDLE,36.8,False,False,0,
0.88,IDLE,36.8,False,False,0,
0.89,IDLE,36.8,False,False,0,
0.9,IDLE,36.8,False,False,0,
0.91,IDLE,36.8,False,False,0,
0.92,IDLE,36.8,False,False,0,
0.93,IDLE,36.8,False,False,0,
0.94,IDLE,36.8,False,False,0,
0.95,IDLE,36.8,False,False,0,
0.96,IDLE,36.8,False,False,0,
0.97,IDLE,36.8,False,False,0,
0.98,IDLE,36.8,False,False,0,
0.99,IDLE,36.8,False,False,0,
1.0,IDLE,36.8,False,False,0,
1.01,IDLE,36.8,False,False,0,
1.02,IDLE,36.8,False,False,0,
1.03,IDLE,36.8,False,False,0,
1.04,IDLE,36.8,False,False,0,
1.05,IDLE,36.8,False,False,0,
1.06,IDLE,36.8,False,False,0,
1.07,IDLE,36.8,False,False,0,
1.08,IDLE,36.8,False,False,0,
1.09,IDLE,36.8,False,False,0,
1.1,IDLE,36.8,False,False,0,
1.11,IDLE,36.8,False,False,0,
1.12,IDLE,36.8,False,False,0,
1.13,IDLE,36.8,False,False,0,
1.14,IDLE,36.8,False,False,0,
1.15,IDLE,36.8,False,False,0,
1.16,IDLE,36.8,False,False,0,
1.17,IDLE,36.8,False,False,0,
1.18,IDLE,36.8,False,False,0,
1.19,IDLE,36.8,False,False,0,
1.2,IDLE,36.8,False,False,0,
1.21,IDLE,36.8,False,False,0,
1.22,IDLE,36.8,False,False,0,
1.23,IDLE,36.8,False,False,0,
1.24,IDLE,36.8,False,False,0,
1.25,IDLE,36.8,False,False,0,
1.26,IDLE,36.8,False,False,0,
1.27,IDLE,36.8,False,False,0,
1.28,IDLE,36.8,False,False,0,
1.29,IDLE,36.8,False,False,0,
1.3,IDLE,36.8,False,False,0,
1.31,IDLE,36.8,False,False,0,
1.32,IDLE,36.8,False,False,0,
1.33,IDLE,36.8,False,False,0,
1.34,IDLE,36.8,False,False,0,
1.35,IDLE,36.8,False,False,0,
1.36,IDLE,36.8,False,False,0,
1.37,IDLE,36.8,False,False,0,
1.38,IDLE,36.8,False,False,0,
1.39,IDLE,36.8,False,False,0,
1.4,IDLE,36.8,False,False,0,
1.41,IDLE,36.8,False,False,0,
1.42,IDLE,36.8,False,False,0,
1.43,IDLE,36.8,False,False,0,
1.44,IDLE,36.8,False,False,0,
1.45,IDLE,36.8,False,False,0,
1.46,IDLE,36.8,False,False,0,
1.47,IDLE,36.8,False,False,0,
1.48,IDLE,36.8,False,False,0,
1.49,IDLE,36.8,False,False,0,
1.5,IDLE,36.8,False,False,0,
1.51,FEED,36.8,False,False,0,
1.52,INDEX,36.8,False,False,0,
1.53,INDEX,38.4,False,True,0,
1.54,INDEX,40.0,False,True,0,
1.55,INDEX,41.6,False,True,0,
1.56,INDEX,43.2,False,True,0,
1.57,INDEX,44.8,False,True,0,
1.58,INDEX,46.4,False,True,0,
1.59,INDEX,48.0,False,True,0,
1.6,INDEX,49.6,False,True,0,
1.61,INDEX,51.2,False,True,0,
1.62,INDEX,52.8,False,True,0,
1.63,INDEX,54.4,False,True,0,
1.64,INDEX,56.0,False,True,0,
1.65,INDEX,57.6,False,True,0,
1.66,INDEX,59.2,False,True,0,
1.67,INDEX,60.8,False,True,0,
1.68,INDEX,62.4,False,True,0,
1.69,INDEX,64.0,False,True,0,
1.7,INDEX,65.6,False,True,0,
1.71,INDEX,67.2,False,True,0,
1.72,INDEX,68.8,False,True,0,
1.73,INDEX,70.4,False,True,0,
1.74,INDEX,72.0,False,True,0,
1.75,INDEX,73.6,False,True,0,
1.76,INDEX,75.2,False,True,0,
1.77,INDEX,76.8,False,True,0,
1.78,INDEX,78.4,False,True,0,
1.79,INDEX,80.0,False,True,0,
1.8,INDEX,81.6,False,True,0,
1.81,INDEX,83.2,False,True,0,
1.82,INDEX,84.8,False,True,0,
1.83,INDEX,86.4,False,True,0,
1.84,INDEX,88.0,False,True,0,
1.85,INDEX,89.6,False,True,0,
1.86,INDEX,91.2,False,True,0,
1.87,INDEX,92.8,False,True,0,
1.88,INDEX,94.4,False,True,0,
1.89,INDEX,96.0,False,True,0,
1.9,INDEX,97.6,False,True,0,
1.91,INDEX,99.2,False,True,0,
1.92,INDEX,100.8,False,True,0,
1.93,INDEX,102.4,False,True,0,
1.94,INDEX,104.0,False,True,0,
1.95,INDEX,105.6,False,True,0,
1.96,INDEX,107.2,False,True,0,
1.97,INDEX,108.8,False,True,0,
1.98,INDEX,110.4,False,True,0,
1.99,INDEX,112.0,False,True,0,
2.0,INDEX,113.6,False,True,0,
2.01,INDEX,115.2,False,True,0,
2.02,INDEX,116.8,False,True,0,
2.03,DWELL,116.8,False,False,0,
2.04,DWELL,116.8,False,False,0,
2.05,DWELL,116.8,False,False,0,
2.06,DWELL,116.8,False,False,0,
2.07,DWELL,116.8,False,False,0,
2.08,DWELL,116.8,False,False,0,
2.09,DWELL,116.8,False,False,0,
2.1,DWELL,116.8,False,False,0,
2.11,DWELL,116.8,False,False,0,
2.12,DWELL,116.8,False,False,0,
2.13,DWELL,116.8,False,False,0,
2.14,DWELL,116.8,False,False,0,
2.15,DWELL,116.8,False,False,0,
2.16,DWELL,116.8,False,False,0,
2.17,DWELL,116.8,False,False,0,
2.18,DWELL,116.8,False,False,0,
2.19,DWELL,116.8,False,False,0,
2.2,DWELL,116.8,False,False,0,
2.21,DWELL,116.8,False,False,0,
2.22,DWELL,116.8,False,False,0,
2.23,EJECT,116.8,False,False,0,
2.24,COMPLETE,116.8,False,False,1,
2.25,IDLE,116.8,False,False,1,
2.26,IDLE,116.8,False,False,1,
2.27,IDLE,116.8,False,False,1,
2.28,IDLE,116.8,False,False,1,
2.29,IDLE,116.8,False,False,1,
2.3,IDLE,116.8,False,False,1,
2.31,IDLE,116.8,False,False,1,
2.32,IDLE,116.8,False,False,1,
2.33,IDLE,116.8,False,False,1,
2.34,IDLE,116.8,False,False,1,
2.35,IDLE,116.8,False,False,1,
2.36,IDLE,116.8,False,False,1,
2.37,IDLE,116.8,False,False,1,
2.38,IDLE,116.8,False,False,1,
2.39,IDLE,116.8,False,False,1,
2.4,IDLE,116.8,False,False,1,
2.41,IDLE,116.8,False,False,1,
2.42,IDLE,116.8,False,False,1,
2.43,IDLE,116.8,False,False,1,
2.44,IDLE,116.8,False,False,1,
2.45,IDLE,116.8,False,False,1,
2.46,IDLE,116.8,False,False,1,
2.47,IDLE,116.8,False,False,1,
2.48,IDLE,116.8,False,False,1,
2.49,IDLE,116.8,False,False,1,
2.5,IDLE,116.8,False,False,1,
2.51,IDLE,116.8,False,False,1,
2.52,IDLE,116.8,False,False,1,
2.53,IDLE,116.8,False,False,1,
2.54,IDLE,116.8,False,False,1,
2.55,IDLE,116.8,False,False,1,
2.56,IDLE,116.8,False,False,1,
2.57,IDLE,116.8,False,False,1,
2.58,IDLE,116.8,False,False,1,
2.59,IDLE,116.8,False,False,1,
2.6,IDLE,116.8,False,False,1,
2.61,IDLE,116.8,False,False,1,
2.62,IDLE,116.8,False,False,1,
2.63,IDLE,116.8,False,False,1,
2.64,IDLE,116.8,False,False,1,
2.65,IDLE,116.8,False,False,1,
2.66,IDLE,116.8,False,False,1,
2.67,IDLE,116.8,False,False,1,
2.68,IDLE,116.8,False,False,1,
2.69,IDLE,116.8,False,False,1,
2.7,IDLE,116.8,False,False,1,
2.71,IDLE,116.8,False,False,1,
2.72,IDLE,116.8,False,False,1,
2.73,IDLE,116.8,False,False,1,
2.74,IDLE,116.8,False,False,1,
2.75,IDLE,116.8,False,False,1,
2.76,IDLE,116.8,False,False,1,
2.77,IDLE,116.8,False,False,1,
2.78,IDLE,116.8,False,False,1,
2.79,IDLE,116.8,False,False,1,
2.8,IDLE,116.8,False,False,1,
2.81,IDLE,116.8,False,False,1,
2.82,IDLE,116.8,False,False,1,
2.83,IDLE,116.8,False,False,1,
2.84,IDLE,116.8,False,False,1,
2.85,IDLE,116.8,False,False,1,
2.86,IDLE,116.8,False,False,1,
2.87,IDLE,116.8,False,False,1,
2.88,IDLE,116.8,False,False,1,
2.89,IDLE,116.8,False,False,1,
2.9,IDLE,116.8,False,False,1,
2.91,IDLE,116.8,False,False,1,
2.92,IDLE,116.8,False,False,1,
2.93,IDLE,116.8,False,False,1,
2.94,IDLE,116.8,False,False,1,
2.95,IDLE,116.8,False,False,1,
2.96,IDLE,116.8,False,False,1,
2.97,IDLE,116.8,False,False,1,
2.98,IDLE,116.8,False,False,1,
2.99,IDLE,116.8,False,False,1,
3.0,IDLE,116.8,False,False,1,
